Counties,Population ,Area (sq mi),Expected Annual Loss - Score - Composite,Expected Annual Loss - Rating - Composite,Expected Annual Loss - State Percentile - Composite,Expected Annual Loss - Total - Composite,Expected Annual Loss - Building Value - Composite,Expected Annual Loss - Population Equivalence - Composite,Expected Annual Loss Rate - National Percentile - Composite,Social Vulnerability - Score,Social Vulnerability - Rating,Social Vulnerability - State Percentile,Coastal Flooding - Exposure - Impacted Area (sq mi),Coastal Flooding - Exposure - Building Value,Coastal Flooding - Exposure - Population,Coastal Flooding - Exposure - Population Equivalence,Coastal Flooding - Exposure - Total,Coastal Flooding - Historic Loss Ratio - Total Rating,Coastal Flooding - Expected Annual Loss - Building Value,Coastal Flooding - Expected Annual Loss - Total,Coastal Flooding - Expected Annual Loss Score,Coastal Flooding - Expected Annual Loss Rating,Coastal Flooding - Expected Annual Loss Rate - National Percentile,Hurricane - Number of Events,Hurricane - Exposure - Impacted Area (sq mi),Hurricane - Exposure - Building Value,Hurricane - Exposure - Population,Hurricane - Historic Loss Ratio - Total Rating,Hurricane - Expected Annual Loss - Building Value,Hurricane - Expected Annual Loss - Population Equivalence,Hurricane - Expected Annual Loss - Agriculture Value,Hurricane - Expected Annual Loss - Total,Hurricane - Expected Annual Loss Score,Hurricane - Expected Annual Loss Rating,Hurricane - Expected Annual Loss Rate - National Percentile,Riverine Flooding - Number of Events,Riverine Flooding - Exposure - Impacted Area (sq mi),Riverine Flooding - Exposure - Building Value,Riverine Flooding - Exposure - Population,Riverine Flooding - Exposure - Population Equivalence,Riverine Flooding - Exposure - Agriculture Value,Riverine Flooding - Exposure - Total,Riverine Flooding - Historic Loss Ratio - Total Rating,Riverine Flooding - Expected Annual Loss - Building Value,Riverine Flooding - Expected Annual Loss - Population Equivalence,Riverine Flooding - Expected Annual Loss - Agriculture Value,Riverine Flooding - Expected Annual Loss - Total,Riverine Flooding - Expected Annual Loss Score,Riverine Flooding - Expected Annual Loss Rating,Riverine Flooding - Expected Annual Loss Rate - National Percentile,Tornado - Number of Events,Tornado - Exposure - Impacted Area (sq mi),Tornado - Exposure - Building Value,Tornado - Exposure - Population,Tornado - Exposure - Agriculture Value,Tornado - Exposure - Total,Tornado - Historic Loss Ratio - Total Rating,Tornado - Expected Annual Loss - Building Value,Tornado - Expected Annual Loss - Population Equivalence,Tornado - Expected Annual Loss - Agriculture Value,Tornado - Expected Annual Loss - Total,Tornado - Expected Annual Loss Score,Tornado - Expected Annual Loss Rating,Tornado - Expected Annual Loss Rate - National Percentile,Tsunami - Number of Events,Tsunami - Annualized Frequency,Tsunami - Exposure - Impacted Area (sq mi),Tsunami - Exposure - Building Value,Tsunami - Exposure - Population,Tsunami - Exposure - Total,Tsunami - Historic Loss Ratio - Total Rating,Tsunami - Expected Annual Loss - Building Value,Tsunami - Expected Annual Loss - Population Equivalence,Tsunami - Expected Annual Loss - Total,Tsunami - Expected Annual Loss Score,Tsunami - Expected Annual Loss Rating,Tsunami - Hazard Type Risk Index Rating
"Adjuntas, Puerto Rico",17954,67.77,72.24,Relatively Low,15.38,12332905.56,"$10,520,649.92",1812255,97.34,86.09,Very High,0.44,0,$0.00,0,0,0,No Rating,$0.00,0,0,No Expected Annual Losses,0,21,67.77,"$1,824,739,718.26",17953,Very High,"$7,537,980.58",346144,$0.00,7884124.88,84,Relatively Moderate,96.24,7,0.21,"$128,786,414.79",890,10334471440,$0.00,10463257855,Relatively Moderate,"$1,570,894.57",50081,$0.00,1620975.6,79.98,Relatively Moderate,97.52,0,67.77,"$1,824,762,681.00",17954,$0.00,2.10091E+11,Relatively Moderate,"$3,304.13",4808,$0.00,8112.78,4.56,Very Low,5.06,,,,,,,Not Applicable,,,,,Not Applicable,Not Applicable
"Aguada, Puerto Rico",38125,46,90.44,Relatively Moderate,82.05,41272884.66,"$35,768,141.92",5504742,99.75,79.41,Relatively High,0.19,0.3,"$153,916,902.71",1003,11636486206,11790403109,Relatively Moderate,"$243,489.10",243854.35,60,Relatively Low,70.26,21,31.26,"$4,957,844,701.02",38124,Very High,"$21,163,497.78",759539,$0.00,21923037.51,91.96,Relatively Moderate,97.19,11,0.99,"$523,306,088.26",3295,38222506457,$0.00,38745812546,Relatively Moderate,"$9,216,004.20",566930,$0.00,9782934.83,96.78,Relatively High,99.35,1,46,"$4,957,845,269.00",38125,$0.00,4.47208E+11,Relatively High,"$6,735.27",7660,$0.00,14396.05,6.23,Very Low,3.91,1,0,1.01,"$665,710,022.17",3973,46760180009,Relatively Moderate,$370.62,161,531.99,48.44,Very Low,Insufficient Data
"Aguadilla, Puerto Rico",54977,76.34,94.55,Relatively Moderate,89.74,79478594.18,"$71,345,966.46",8132627,99.88,98.29,Very High,0.99,0.07,"$102,052,652.71",363,4212603569,4314656222,Very Low,"$3,992.24",4120.93,30.09,Very Low,28.72,20,36.95,"$9,841,022,496.00",54976,Very High,"$41,636,543.99",1087198,$0.00,42723742.11,95.5,Relatively Moderate,96.8,30,0.88,"$414,089,853.19",2098,24344383160,$0.00,24758473014,Relatively Moderate,"$19,425,734.54",505599,$0.00,19931334.42,98.73,Relatively High,99.69,2,76.34,"$9,841,041,650.00",54977,$0.00,6.47574E+11,Relatively High,"$13,306.70",11003,$0.00,24310.34,8.44,Very Low,3.63,2,0,0.39,"$578,758,214.73",2676,31624443004,Very Low,$76.74,17,94,40.62,Very Low,Insufficient Data
"Aguas Buenas, Puerto Rico",24190,30.4,77.68,Relatively Low,29.49,15927943.22,"$13,973,920.29",1954022,94.74,93.11,Very High,0.79,0,$0.00,0,0,0,No Rating,$0.00,0,0,No Expected Annual Losses,0,21,30.4,"$2,867,086,255.94",24188,Very High,"$11,843,903.16",466355,$0.00,12310258.43,87.25,Relatively Moderate,95.81,9,0.02,"$18,975,306.23",112,1307937319,$0.00,1326912626,Relatively Moderate,"$269,229.57",22957,$0.00,292187.01,44.23,Relatively Low,66.42,0,30.4,"$2,867,318,680.00",24190,$0.00,2.83471E+11,Relatively High,"$5,192.18",6479,$0.00,11671.44,5.58,Very Low,5.52,,,,,,,Not Applicable,,,,,Not Applicable,Not Applicable
"Aibonito, Puerto Rico",24637,31.65,79.98,Relatively Low,39.74,18269606.4,"$16,337,497.81",1932108,96.22,81.58,Very High,0.26,0,$0.00,0,0,0,No Rating,$0.00,0,0,No Expected Annual Losses,0,20,31.65,"$3,015,771,891.74",24636,Very High,"$12,458,121.96",474981,$0.00,12933103.24,87.59,Relatively Moderate,95.94,9,0.22,"$145,401,978.06",1311,15216411013,$0.00,15361812992,Relatively Moderate,"$2,037,939.78",14134,$0.00,2052074.28,84.37,Relatively Moderate,98.08,1,31.65,"$3,015,894,933.00",24637,$0.00,2.88805E+11,Relatively High,"$5,461.71",6599,$0.00,12061.03,5.74,Very Low,5.71,,,,,,,Not Applicable,,,,,Not Applicable,Not Applicable
"Añasco, Puerto Rico",25546,45.38,84.59,Relatively Moderate,51.28,24146471.68,"$20,648,405.62",3498066,99.47,79.72,Relatively High,0.21,0.26,"$137,556,918.01",1235,14330628719,14468185637,Relatively Moderate,"$258,206.50",258722.58,60.68,Relatively Low,77.44,22,39.96,"$3,096,363,104.35",25533,Very High,"$13,217,411.53",508687,$0.00,13726098.83,88.28,Relatively Moderate,97.02,6,2.86,"$439,659,427.11",3639,42216679927,$0.00,42656339354,Relatively Moderate,"$4,224,605.44",312769,$0.00,4537374.53,92.76,Relatively Moderate,98.7,5,45.38,"$3,097,503,785.00",25546,$0.00,2.99431E+11,Relatively High,"$4,206.44",5131,$0.00,9337.9,4.81,Very Low,3.72,0,0,0.61,"$368,091,110.90",2781,32631199964,No Rating,$0.00,0,0,0,No Expected Annual Losses,Insufficient Data
"Arecibo, Puerto Rico",87581,172.92,95.3,Relatively High,93.59,94245343.44,"$83,077,336.16",9243450,99.2,95.59,Very High,0.9,0.31,"$300,181,494.24",726,8429666083,8729847578,Relatively High,"$512,660.90",513150.35,68.03,Relatively Low,68.38,24,128.22,"$11,905,433,607.26",87568,Very High,"$49,181,220.99",1688302,"$1,857,368.71",52726892.24,96.07,Relatively High,95.59,16,5.3,"$1,011,287,190.66",4242,49214210747,"$53,126,349.57",50278624288,Relatively Moderate,"$23,650,207.65",340199,"$65,757.92",24056165.07,98.92,Relatively High,99.63,0,172.92,"$11,906,777,212.00",87581,"$155,705,310.00",1.028E+12,Relatively Low,"$21,570.69",23471,$151.10,45192.97,11.2,Very Low,5.99,2,0,1.75,"$1,510,127,741.24",7075,83582810659,Relatively High,"$2,917.28",523,3440.53,61.72,Relatively Low,Insufficient Data
"Arroyo, Puerto Rico",15822,36.01,72.21,Relatively Low,14.1,12316302.59,"$11,125,176.02",1191126,96.84,85.31,Very High,0.41,0.14,"$105,436,715.72",606,7035156266,7140592982,Relatively Low,"$38,598.95",38915.97,43.42,Very Low,61.03,23,15.18,"$1,988,465,780.88",15818,Very High,"$9,583,386.43",355815,$0.00,9939202.04,85.95,Relatively Moderate,98.31,1,0.28,"$233,573,202.53",1328,15408224252,$0.00,15641797455,Relatively Moderate,"$394,630.70",10666,$0.00,405297.64,50.67,Relatively Low,85.33,0,36.01,"$1,988,737,517.00",15822,$0.00,1.85524E+11,Relatively High,"$2,341.22",2754,$0.00,5095.71,3.23,Very Low,3.35,2,0,0.18,"$131,392,334.47",807,9494640327,Relatively Low,$761.44,218,979.47,50,Relatively Low,Insufficient Data
"Barceloneta, Puerto Rico",22578,31.23,90.13,Relatively Moderate,80.77,39220936.24,"$37,086,221.63",2134714,99.44,77.42,Relatively High,0.14,0.14,"$183,355,624.30",542,6288928526,6472284151,Relatively High,"$372,288.66",372582.49,64.62,Relatively Low,73.5,20,18.98,"$6,291,548,779.61",22577,Very High,"$25,990,321.82",435293,$0.00,26425615.39,93.51,Relatively Moderate,96.5,3,0.68,"$1,329,832,511.57",4659,54044528814,$0.00,55374361326,Relatively Moderate,"$6,192,991.94",112243,$0.00,6305235.11,94.92,Relatively High,98.79,0,31.23,"$6,291,593,552.00",22578,$0.00,2.68196E+11,Relatively High,"$11,393.38",6047,$0.00,17440.72,7.1,Very Low,5.55,0,0,0.36,"$498,123,257.17",1909,22642576749,No Rating,$0.00,0,0,0,No Expected Annual Losses,Insufficient Data
"Barranquitas, Puerto Rico",28931,34.63,79.33,Relatively Low,34.62,17409210.25,"$15,021,587.10",2387623,93.75,88.88,Very High,0.6,0,$0.00,0,0,0,No Rating,$0.00,0,0,No Expected Annual Losses,0,20,34.63,"$3,113,350,157.37",28930,Very High,"$12,861,216.75",557772,$0.00,13418989.23,88.15,Relatively Moderate,96.11,2,0.04,"$36,780,885.78",245,2844769750,$0.00,2881550637,Relatively Moderate,"$96,329.67",3238,$0.00,99568.47,25.87,Very Low,44.2,0,34.63,"$3,113,413,463.00",28931,$0.00,3.38713E+11,Relatively High,"$5,638.13",7749,$0.00,13387.64,5.99,Very Low,5.68,,,,,,,Not Applicable,,,,,Not Applicable,Not Applicable
"Bayamón, Puerto Rico",184904,45.01,97.55,Relatively High,97.44,163324798.1,"$146,843,012.69",16481785,96.72,96.4,Very High,0.95,0.17,"$153,254,198.54",1118,12976860340,13130114539,Very Low,"$11,819.12",11920.22,33.85,Very Low,28.89,22,45.01,"$28,886,914,084.45",184879,Very High,"$119,331,538.21",3564412,$0.00,122895950.7,98.36,Relatively High,95.72,7,0.63,"$1,021,670,165.84",5742,66609988431,$0.00,67631658597,Relatively Moderate,"$7,837,540.13",322793,$0.00,8160333.3,96.13,Relatively High,88.83,1,45.01,"$28,889,480,450.00",184904,$0.00,2.17378E+12,Relatively High,"$52,323.12",49522,$0.00,101845.49,15.82,Very Low,5.43,0,0,0.41,"$613,907,631.26",3731,43899012615,No Rating,$0.00,0,0,0,No Expected Annual Losses,Insufficient Data
"Cabo Rojo, Puerto Rico",47146,179.2,90.9,Relatively Moderate,84.62,43314634.37,"$37,438,908.59",5875725,99.01,92.45,Very High,0.77,0.7,"$410,179,198.51",1984,23014847454,23425026653,Relatively High,"$1,685,069.93",1686907.81,81.2,Relatively Moderate,89.91,29,73,"$6,225,921,236.99",47137,Very High,"$28,993,121.71",1012026,$0.00,30005147.74,94.29,Relatively Moderate,97.97,1,3.57,"$495,758,266.90",2724,31604431952,$0.00,32100190219,Relatively Moderate,"$960,594.69",21879,$0.00,982474.06,70.23,Relatively Low,81.62,0,179.2,"$6,226,897,067.00",47146,$0.00,5.5312E+11,Relatively Moderate,"$8,464.44",9474,$0.00,17938.82,7.2,Very Low,3.94,1,0,1.2,"$711,105,724.64",3753,44254540669,No Rating,$0.00,0,0,0,No Expected Annual Losses,Insufficient Data
"Caguas, Puerto Rico",127110,59.66,96.1,Relatively High,94.87,111666728.3,"$101,057,677.99",9715938,96.29,90.28,Very High,0.67,0,$0.00,0,0,0,No Rating,$0.00,0,0,No Expected Annual Losses,0,22,59.66,"$19,819,094,399.49",127060,Very High,"$81,882,505.84",2450234,"$713,508.10",85046248.87,97.45,Relatively High,95.5,6,1.33,"$2,034,364,693.40",10813,1.25434E+11,"$3,259,653.57",1.27471E+11,Relatively Low,"$6,967,908.11",29244,"$4,410.20",7001562.94,95.39,Relatively High,94.4,0,59.66,"$19,826,091,519.00",127110,"$59,731,745.00",1.49436E+12,Relatively Moderate,"$35,894.88",34030,$32.92,69958.22,13.8,Very Low,4.84,,,,,,,Not Applicable,,,,,Not Applicable,Not Applicable
"Camuy, Puerto Rico",32797,62.59,83.29,Relatively Low,48.72,22181909.99,"$18,491,004.91",3690905,96.35,70,Relatively High,0.03,0.06,"$67,071,622.99",173,2011156806,2078228429,Relatively Low,"$3,610.52",3689.81,29.74,Very Low,35.56,19,46.83,"$3,642,529,696.11",32796,Very High,"$15,047,251.86",632309,$0.00,15679561.19,89.28,Relatively Moderate,96.37,3,0.05,"$56,516,535.00",143,1669447485,$0.00,1725964021,Relatively Moderate,"$196,976.06",3467,$0.00,200443.28,36.34,Relatively Low,58.28,0,62.59,"$3,642,557,724.00",32797,$0.00,3.84088E+11,Relatively Moderate,"$6,596.50",8785,$0.00,15382.02,6.51,Very Low,5.77,0,0,0.2,"$195,776,210.29",1073,12649091168,No Rating,$0.00,0,0,0,No Expected Annual Losses,Insufficient Data
"Canóvanas, Puerto Rico",42309,33.34,87.81,Relatively Moderate,70.51,31705436.61,"$27,832,005.56",3873431,97.9,93.91,Very High,0.81,0.22,"$174,510,445.83",1668,19359490516,19534000962,Relatively Low,"$33,126.31",33528.33,42.39,Very Low,50.77,21,33.34,"$4,418,573,992.08",42308,Very High,"$23,120,571.39",1033205,$0.00,24153777.38,92.82,Relatively Moderate,99.18,2,1.06,"$498,617,044.97",5485,63636005483,$0.00,64134622528,Relatively Moderate,"$1,695,722.28",88108,$0.00,1783831.19,81.77,Relatively Moderate,92.05,0,33.34,"$4,418,667,975.00",42309,$0.00,4.95203E+11,Relatively High,"$3,201.68",4532,$0.00,7734.29,4.31,Very Low,2.05,0,0,0.02,"$11,177,864.03",112,1315292276,No Rating,$0.00,0,0,0,No Expected Annual Losses,Insufficient Data
"Carolina, Puerto Rico",154696,60.93,97.71,Relatively High,98.72,166078186.2,"$149,832,426.52",16245759,99.26,91.49,Very High,0.73,2.86,"$5,284,421,954.26",31025,3.59896E+11,3.65181E+11,Relatively Low,"$992,780.35",1000358,74.87,Relatively Moderate,68.55,21,48.19,"$22,829,875,042.44",154691,Very High,"$115,040,662.82",3678014,$0.00,118718677.8,98.23,Relatively High,98.57,8,3.4,"$5,906,698,030.67",38804,4.50128E+11,$0.00,4.56035E+11,Relatively Low,"$18,874,721.44",2492946,$0.00,21367667.65,98.76,Relatively High,97.34,0,60.93,"$22,830,486,647.00",154696,$0.00,1.8173E+12,Relatively High,"$20,912.93",19698,$0.00,40611.2,10.61,Very Low,2.85,0,0,1.24,"$3,872,632,654.42",14962,1.77441E+11,No Rating,$0.00,0,0,0,No Expected Annual Losses,Insufficient Data
"Cataño, Puerto Rico",23068,7.07,88.52,Relatively Moderate,74.36,34100642.42,"$31,979,874.21",2120768,99.6,96.21,Very High,0.94,2.05,"$3,451,706,150.52",21452,2.48852E+11,2.52303E+11,Relatively Moderate,"$7,030,309.22",7045891.91,94.87,Relatively High,99.32,19,5.1,"$4,414,718,803.00",23067,Very High,"$18,237,156.93",444731,$0.00,18681888.45,90.58,Relatively Moderate,96.28,3,0.72,"$1,113,624,195.46",7071,82030168807,$0.00,83143793003,Relatively Moderate,"$3,881,294.36",170365,$0.00,4051659.92,91.89,Relatively Moderate,98.17,0,7.07,"$4,414,768,385.00",23068,$0.00,2.72004E+11,Very High,"$8,008.11",6178,$0.00,14186.57,6.2,Very Low,5.86,2,0,1.23,"$1,999,933,233.37",12093,1.42285E+11,Relatively Low,"$1,554.75",588,2143.66,57.81,Relatively Low,Insufficient Data
"Cayey, Puerto Rico",41588,52.49,85.98,Relatively Moderate,56.41,26880423.25,"$23,917,646.54",2962776,93.87,87.73,Very High,0.55,0,$0.00,0,0,0,No Rating,$0.00,0,0,No Expected Annual Losses,0,20,52.49,"$5,004,214,789.39",41578,Very High,"$20,687,945.97",802860,$0.00,21490806.71,91.79,Relatively Moderate,96.63,1,0.37,"$183,931,867.06",1176,13650663841,$0.00,13834595709,Relatively Moderate,"$282,904.16",5376,$0.00,288280.38,43.83,Relatively Low,59.64,0,52.49,"$5,005,389,032.00",41588,$0.00,4.87426E+11,Relatively Moderate,"$9,050.04",11103,$0.00,20153.78,7.69,Very Low,4.78,,,,,,,Not Applicable,,,,,Not Applicable,Not Applicable
"Ceiba, Puerto Rico",11307,160.44,74.56,Relatively Low,23.08,13724663.97,"$12,717,381.27",1007282,99.04,77.61,Relatively High,0.15,0.18,"$174,031,266.11",56,649973924,824005190.1,Very High,"$321,836.98",321912.19,63.59,Relatively Low,83.93,33,29.66,"$2,093,961,987.32",11304,Very High,"$10,956,837.59",276071,$0.00,11232909.51,86.6,Relatively Moderate,99.09,0,0.24,"$232,300,403.77",714,8283895504,$0.00,8516195909,Relatively Moderate,"$95,223.49",1376,$0.00,96599.85,25.29,Very Low,54.94,0,160.44,"$2,094,201,636.00",11307,$0.00,1.33255E+11,Relatively High,"$1,517.33",1211,$0.00,2728.77,2.11,Very Low,2.14,0,0,0.18,"$253,152,968.92",36,682068476.4,No Rating,$0.00,0,0,0,No Expected Annual Losses,Insufficient Data
"Ciales, Puerto Rico",16965,67.38,69.76,Relatively Low,8.97,10984336.45,"$9,447,463.03",1536873,94.8,92.02,Very High,0.76,0,$0.00,0,0,0,No Rating,$0.00,0,0,No Expected Annual Losses,0,22,67.38,"$1,943,548,299.16",16964,Very High,"$8,028,777.62",327079,$0.00,8355856.69,84.52,Relatively Moderate,96.45,2,0.13,"$90,979,162.60",509,5912908588,$0.00,6003887751,Relatively Low,"$13,329.56",10415,$0.00,23745.55,12.07,Very Low,14.05,0,67.38,"$1,943,557,018.00",16965,$0.00,1.98738E+11,Relatively Moderate,"$3,519.33",4543,$0.00,8063.15,4.53,Very Low,5.27,,,,,,,Not Applicable,,,,,Not Applicable,Not Applicable
"Cidra, Puerto Rico",39945,36.82,87.12,Relatively Moderate,65.38,29670502.08,"$26,732,605.94",2937896,94.71,74.01,Relatively High,0.08,0,$0.00,0,0,0,No Rating,$0.00,0,0,No Expected Annual Losses,0,21,36.82,"$5,633,808,506.00",39944,Very High,"$23,273,203.67",770115,$0.00,24043319.11,92.74,Relatively Moderate,96.07,1,0.07,"$57,049,742.34",300,3490972395,$0.00,3548022138,Relatively Low,"$4,128.48",5189,$0.00,9318.31,7.89,Very Low,4.15,0,36.82,"$5,633,937,770.00",39945,$0.00,4.68996E+11,Relatively High,"$10,298.73",10734,$0.00,21033.27,7.91,Very Low,6.36,,,,,,,Not Applicable,,,,,Not Applicable,Not Applicable
"Coamo, Puerto Rico",34615,78.82,83.78,Relatively Moderate,50,23055718.8,"$20,339,364.33",2716354,94.77,79.94,Relatively High,0.22,0,$0.00,0,0,0,No Rating,$0.00,0,0,No Expected Annual Losses,0,22,78.82,"$4,136,286,540.34",34605,Very High,"$17,774,286.77",694194,$0.00,18468481.44,90.45,Relatively Moderate,97.32,2,0.11,"$84,878,348.27",629,7298922158,$0.00,7383800507,Very Low,"$12,607.39",3369,$0.00,15976.58,10.21,Very Low,8.51,0,78.82,"$4,137,012,363.00",34615,$0.00,4.05671E+11,Relatively Moderate,"$6,858.22",8482,$0.00,15341.03,6.48,Very Low,4.59,,,,,,,Not Applicable,,,,,Not Applicable,Not Applicable
"Comerío, Puerto Rico",18883,28.81,69.92,Relatively Low,10.26,11057629.77,"$9,537,397.09",1520232,93.69,87.33,Very High,0.51,0,$0.00,0,0,0,No Rating,$0.00,0,0,No Expected Annual Losses,0,20,28.81,"$1,969,397,210.06",18882,Very High,"$8,135,559.16",364054,$0.00,8499613.5,84.74,Relatively Moderate,96.33,1,0.09,"$96,608,298.81",644,7480924073,$0.00,7577532372,Relatively Moderate,"$119,473.53",5309,$0.00,124782.97,29.25,Very Low,59.27,0,28.81,"$1,969,412,369.00",18883,$0.00,2.21012E+11,Relatively High,"$3,568.73",5061,$0.00,8630.42,4.65,Very Low,6.05,,,,,,,Not Applicable,,,,,Not Applicable,Not Applicable
"Corozal, Puerto Rico",34564,43,81.99,Relatively Low,43.59,20944824.01,"$17,980,972.57",2963851,94.12,81.68,Very High,0.27,0,$0.00,0,0,0,No Rating,$0.00,0,0,No Expected Annual Losses,0,20,43,"$3,714,675,222.16",34563,Very High,"$15,345,284.27",666379,$0.00,16011663.71,89.36,Relatively Moderate,96.41,1,0.03,"$37,134,248.38",190,2206374175,$0.00,2243508424,Relatively Low,"$6,915.24",1599,$0.00,8515.09,7.64,Very Low,6.53,0,43,"$3,714,703,179.00",34564,$0.00,4.04657E+11,Relatively Moderate,"$6,726.45",9257,$0.00,15984.05,6.73,Very Low,5.37,,,,,,,Not Applicable,,,,,Not Applicable,Not Applicable
"Culebra, Puerto Rico",1660,170.54,32.84,Very Low,1.28,3427030.57,"$3,216,786.40",210244,99.97,86.3,Very High,0.46,0.05,"$33,313,256.23",182,2116491350,2149804606,Relatively High,"$148,162.90",148355.15,54.53,Relatively Low,95.04,33,12.71,"$249,775,160.00",1660,Relatively High,"$2,820,304.06",87478,$0.00,2907782.48,75.92,Relatively Low,99.96,0,0.03,"$22,110,686.77",119,1380891767,$0.00,1403002454,Relatively Moderate,"$6,164.96",229,$0.00,6394.39,6.75,Very Low,38.38,0,170.54,"$256,250,576.00",1660,$0.00,19512250576,Relatively High,$371.76,356,$0.00,728.63,1.3,Very Low,4.25,0,0,0.06,"$40,507,329.20",224,2648808837,No Rating,$0.00,0,0,0,No Expected Annual Losses,Insufficient Data
"Dorado, Puerto Rico",35792,54.25,86.17,Relatively Moderate,57.69,27415540.74,"$24,083,349.41",3332191,95.76,80.93,Very High,0.24,0.22,"$192,914,591.53",1483,17203687629,17396602221,Relatively Moderate,"$262,185.77",262645.16,61.03,Relatively Low,71.79,21,23.64,"$4,912,823,209.79",35781,Very High,"$20,294,821.00",689848,$0.00,20984669.15,91.66,Relatively Moderate,95.55,3,2.87,"$784,673,073.62",6068,70392526439,$0.00,71177199513,Very Low,"$29,873.41",146195,$0.00,176069.16,34.45,Relatively Low,34.88,0,54.25,"$4,913,842,049.00",35792,$0.00,4.20101E+11,Relatively High,"$8,932.85",9600,$0.00,18533.46,7.29,Very Low,6.23,0,0,0.82,"$754,374,644.42",4356,51289437910,No Rating,$0.00,0,0,0,No Expected Annual Losses,Insufficient Data
"Fajardo, Puerto Rico",32057,106.39,88.21,Relatively Moderate,71.79,33233309.11,"$30,198,914.72",3034394,98.85,96.18,Very High,0.92,0.26,"$229,187,515.88",1024,11884303971,12113491488,Relatively High,"$705,503.59",706222.67,71.45,Relatively Low,83.08,32,30.65,"$4,914,842,738.45",32051,Very High,"$25,720,790.61",782725,$0.00,26503516.3,93.6,Relatively Moderate,99.35,15,1.02,"$215,925,812.47",1105,12825550773,$0.00,13041476585,Relatively Low,"$496,130.88",171173,$0.00,667304.54,61.96,Relatively Low,66.79,0,106.39,"$4,915,317,187.00",32057,$0.00,3.76777E+11,Relatively High,"$3,574.16",3444,$0.00,7018.78,4,Very Low,2.48,2,0,0.35,"$303,336,735.75",1419,16772483357,Relatively Low,$38.11,16,54.95,39.84,Very Low,Insufficient Data
"Florida, Puerto Rico",11692,15.38,59.95,Relatively Low,6.41,7593625.58,"$6,478,404.86",1115220,94.99,80.75,Very High,0.23,0,$0.00,0,0,0,No Rating,$0.00,0,0,No Expected Annual Losses,0,19,15.38,"$1,326,467,294.45",11691,Very High,"$5,479,622.44",225412,$0.00,5705034.88,82.01,Relatively Low,95.98,0,0,$0.00,0,0,$0.00,0,No Rating,$0.00,0,$0.00,0,0,No Expected Annual Losses,0,0,15.38,"$1,326,507,424.00",11692,$0.00,1.36954E+11,Relatively High,"$2,402.45",3132,$0.00,5534.64,3.32,Very Low,5.89,,,,,,,Not Applicable,,,,,Not Applicable,Not Applicable
"Guánica, Puerto Rico",13761,80.27,74.5,Relatively Low,21.79,13675518.75,"$12,067,170.43",1608348,99.23,90.81,Very High,0.68,0.43,"$440,512,928.42",1850,21466624438,21907137367,Relatively Moderate,"$1,250,229.38",1251381.52,78.46,Relatively Moderate,95.73,25,37.79,"$1,841,184,088.44",13760,Very High,"$8,978,707.36",312687,$0.00,9291394.9,85.39,Relatively Moderate,98.44,1,1.85,"$512,134,793.59",2426,28144181444,$0.00,28656316238,Relatively Moderate,"$339,222.51",19483,$0.00,358706.39,48.1,Relatively Low,82.79,0,80.27,"$1,841,199,352.00",13761,$0.00,1.61469E+11,Relatively High,"$3,099.48",3436,$0.00,6536.36,3.82,Very Low,4.65,1,0,0.32,"$385,624,668.99",1067,12773767784,No Rating,$0.00,0,0,0,No Expected Annual Losses,Insufficient Data
"Guayama, Puerto Rico",36538,107.9,89.11,Relatively Moderate,78.21,35850312.56,"$33,182,011.66",2668300,97.86,91.74,Very High,0.74,0.69,"$396,072,448.09",2214,25692618778,26088691227,Relatively Moderate,"$1,303,524.81",1305073.4,78.97,Relatively Moderate,88.89,24,66.68,"$5,952,722,383.00",36526,Very High,"$28,667,037.52",819088,$0.00,29486125.9,94.12,Relatively Moderate,98.27,0,1.01,"$724,962,158.47",4650,53948855963,$0.00,54673818122,Very Low,"$4,708.71",8270,$0.00,12978.84,9.07,Very Low,5.01,0,107.9,"$5,954,075,469.00",36538,$0.00,4.29795E+11,Relatively Moderate,"$7,044.79",6461,$0.00,13506.19,6.02,Very Low,3.47,0,0,0.57,"$315,481,444.30",2109,24782380513,No Rating,$0.00,0,0,0,No Expected Annual Losses,Insufficient Data
"Guayanilla, Puerto Rico",17690,64.89,72.58,Relatively Low,19.23,12563554.55,"$10,583,902.88",1979651,97.99,87.61,Very High,0.53,0.33,"$172,433,296.30",1372,15924272002,16096705299,Relatively Moderate,"$767,458.96",769293.1,72.48,Relatively Low,93.16,26,42.71,"$1,798,625,817.72",17683,Very High,"$8,296,677.36",380314,$0.00,8676992.3,84.87,Relatively Moderate,97.84,1,1.81,"$394,346,439.25",2578,29908129070,$0.00,30302475510,Relatively Low,"$64,968.96",20705,$0.00,85674.01,23.77,Very Low,40.08,0,64.89,"$1,798,983,528.00",17690,$0.00,2.07003E+11,Relatively Moderate,"$3,257.60",4737,$0.00,7995.57,4.44,Very Low,5.21,0,0,0.19,"$129,620,611.17",882,10371046604,No Rating,$0.00,0,0,0,No Expected Annual Losses,Insufficient Data
"Guaynabo, Puerto Rico",89604,28.05,95.11,Relatively Moderate,92.31,86773068.5,"$79,005,219.70",7767848,95.98,87.98,Very High,0.59,0.45,"$565,647,032.69",4299,49873162948,50438809981,Relatively Low,"$270,323.71",273064.2,61.88,Relatively Low,58.97,22,27.92,"$16,535,981,568.82",89594,Very High,"$68,309,965.91",1727349,$0.00,70037315.32,96.93,Relatively High,95.63,14,0.69,"$1,298,987,685.03",5575,64672206832,$0.00,65971194518,Very Low,"$95,379.82",626805,$0.00,722185.1,63.76,Relatively Low,49.89,1,28.05,"$16,537,807,152.00",89604,$0.00,1.05594E+12,Relatively High,"$29,947.34",23998,$0.00,53946.09,12.22,Very Low,5.33,0,0,0.22,"$339,838,997.20",1156,13753717458,No Rating,$0.00,0,0,0,No Expected Annual Losses,Insufficient Data
"Gurabo, Puerto Rico",40562,28.6,88.33,Relatively Moderate,73.08,33693077.09,"$30,064,491.77",3628585,97.46,83.6,Very High,0.33,0,$0.00,0,0,0,No Rating,$0.00,0,0,No Expected Annual Losses,0,20,28.6,"$5,506,702,319.57",40550,Very High,"$26,418,871.28",938872,$0.00,27357743.54,93.73,Relatively Moderate,98.14,3,1.62,"$483,765,290.28",4010,46521938899,$0.00,47005704190,Very Low,"$15,153.27",15566,$0.00,30719.46,13.59,Very Low,7.74,0,28.6,"$5,507,762,950.00",40562,$0.00,4.76027E+11,Relatively High,"$6,359.30",5961,$0.00,12321,5.77,Very Low,3.1,,,,,,,Not Applicable,,,,,Not Applicable,Not Applicable
"Hatillo, Puerto Rico",38444,59.35,86.32,Relatively Moderate,60.26,27883297.7,"$23,855,692.64",4027605,96.19,73.29,Relatively High,0.06,0.04,"$33,380,999.09",174,2027191585,2060572585,Very Low,"$2,338.67",2392.25,28.21,Very Low,29.23,20,42.26,"$4,799,428,629.61",38441,Very High,"$19,826,389.18",741133,$0.00,20567523.11,91.35,Relatively Moderate,95.89,2,0.16,"$75,957,548.90",418,4855137046,$0.00,4931094595,Relatively Low,"$34,029.08",6722,$0.00,40751.39,15.85,Very Low,15.51,0,59.35,"$4,799,715,836.00",38444,$0.00,4.5075E+11,Relatively High,"$8,694.07",10300,$0.00,18994.54,7.38,Very Low,5.96,0,0,0.43,"$472,749,639.13",2462,29040926638,No Rating,$0.00,0,0,0,No Expected Annual Losses,Insufficient Data
"Hormigueros, Puerto Rico",15604,11.46,71.03,Relatively Low,11.54,11715267.47,"$9,824,949.91",1890317,97.59,94.63,Very High,0.86,0,$0.00,0,0,0,No Rating,$0.00,0,0,No Expected Annual Losses,0,23,11.46,"$1,909,897,272.01",15603,Very High,"$8,152,757.72",310868,$0.00,8463625.93,84.65,Relatively Moderate,97.15,3,2.25,"$489,578,213.46",3519,40831646153,$0.00,41321224367,Very Low,"$10,946.17",84801,$0.00,95747.97,25.19,Very Low,43.64,0,11.46,"$1,909,898,089.00",15604,$0.00,1.82916E+11,Relatively High,"$2,593.64",3134,$0.00,5728,3.41,Very Low,3.66,,,,,,,Not Applicable,,,,,Not Applicable,Not Applicable
"Humacao, Puerto Rico",50798,72.12,92.7,Relatively Moderate,88.46,55944019.87,"$51,223,522.88",4720496,98.76,87.08,Very High,0.49,1.18,"$1,188,484,393.00",6332,73451489075,74639973469,Relatively Moderate,"$1,449,820.06",1451524.64,80.17,Relatively Moderate,85.47,21,45.44,"$8,474,797,408.53",50797,Very High,"$44,345,112.00",1240511,$0.00,45585623.54,95.68,Relatively High,98.96,15,3.19,"$1,834,083,069.41",7715,89500799478,$0.00,91334882548,Very Low,"$260,474.57",618090,$0.00,878565.47,67.72,Relatively Low,65.89,1,72.12,"$8,476,694,432.00",50798,$0.00,5.97733E+11,Relatively High,"$6,152.23",5447,$0.00,11599.94,5.55,Very Low,2.36,1,0,0.84,"$732,940,556.17",4276,50338472000,Very Low,$4.12,1,5.79,38.28,Very Low,Insufficient Data
"Isabela, Puerto Rico",42892,92.78,87.77,Relatively Moderate,69.23,31640578.79,"$26,337,823.59",5302755,97.71,87.83,Very High,0.58,0.05,"$20,765,730.11",73,852127552,872893282.7,Relatively Low,"$2,791.24",2821.97,28.72,Very Low,30.09,19,55.95,"$5,099,595,040.11",42891,Very High,"$21,311,311.81",838506,$0.00,22149818.18,92,Relatively Moderate,96.71,1,0.07,"$23,088,099.27",96,1121151796,$0.00,1144239896,Relatively Moderate,"$50,184.42",776,$0.00,50960.58,18.14,Very Low,21.85,0,92.78,"$5,099,611,674.00",42892,$0.00,5.02647E+11,Relatively Moderate,"$6,855.50",8541,$0.00,15396.62,6.54,Very Low,3.6,1,0,0.23,"$102,411,578.12",746,8766384996,Relatively Moderate,$275.19,101,376.41,45.31,Very Low,Insufficient Data
"Jayuya, Puerto Rico",14779,44.98,64.65,Relatively Low,7.69,8812256.17,"$7,479,985.83",1332270,94.43,87.05,Very High,0.47,0,$0.00,0,0,0,No Rating,$0.00,0,0,No Expected Annual Losses,0,21,44.98,"$1,543,280,136.00",14778,Very High,"$6,375,274.01",284931,$0.00,6660205.08,83.31,Relatively Low,96.02,1,0.19,"$193,955,110.46",1031,11960923382,$0.00,12154878493,Very Low,"$7,112.42",1679,$0.00,8792.26,7.74,Very Low,11.42,0,44.98,"$1,543,319,086.00",14779,$0.00,1.7298E+11,Relatively Moderate,"$2,794.47",3958,$0.00,6752.7,3.88,Very Low,4.93,,,,,,,Not Applicable,,,,,Not Applicable,Not Applicable
"Juana Díaz, Puerto Rico",46316,108.2,87.53,Relatively Moderate,66.67,30817513.99,"$26,898,593.13",3918920,95.51,92.55,Very High,0.78,0.67,"$429,920,786.21",3950,45822385777,46252306563,Relatively Moderate,"$696,610.82",698046.19,71.11,Relatively Low,82.56,25,61.33,"$4,987,056,036.29",46306,Very High,"$22,919,788.88",990930,$0.00,23910719.29,92.61,Relatively Moderate,97.8,1,3.75,"$765,306,021.49",6331,73448102164,$0.00,74213408186,Relatively Low,"$105,976.35",50847,$0.00,156823.61,32.59,Very Low,28.54,0,108.2,"$4,988,137,859.00",46316,$0.00,5.42254E+11,Relatively Moderate,"$8,900.39",12215,$0.00,21115.46,7.94,Very Low,4.68,0,0,0.33,"$186,486,685.00",1754,20539072608,No Rating,$0.00,0,0,0,No Expected Annual Losses,Insufficient Data
"Juncos, Puerto Rico",36808,26.88,86.54,Relatively Moderate,61.54,28502929.12,"$25,497,895.83",3005033,97.28,89.41,Very High,0.64,0,$0.00,0,0,0,No Rating,$0.00,0,0,No Expected Annual Losses,0,23,26.88,"$4,358,423,184.09",36798,Very High,"$22,805,827.08",898656,$0.00,23704483.8,92.56,Relatively Moderate,99.01,2,0.67,"$135,419,414.92",669,7768224291,$0.00,7903643706,Very Low,"$7,720.81",17653,$0.00,25374.3,12.47,Very Low,7.43,0,26.88,"$4,359,239,038.00",36808,$0.00,4.31332E+11,Relatively High,"$3,160.67",3944,$0.00,7105.39,4.03,Very Low,2.23,,,,,,,Not Applicable,,,,,Not Applicable,Not Applicable
"Lajas, Puerto Rico",23255,102.15,79.57,Relatively Low,38.46,17619951.81,"$14,596,987.06",3022964,98.95,86.12,Very High,0.45,0.24,"$82,749,766.89",446,5178366777,5261116544,Relatively High,"$548,892.78",549550.92,68.55,Relatively Low,89.57,25,60.98,"$2,242,099,432.85",23252,Very High,"$11,944,841.83",575934,$0.00,12520776.81,87.33,Relatively Moderate,99.39,0,7.31,"$76,016,863.65",570,6615474585,$0.00,6691491449,Relatively Moderate,"$39,238.73",1099,$0.00,40337.88,15.72,Very Low,31.72,1,102.15,"$2,242,221,478.00",23255,$0.00,2.72E+11,Relatively Moderate,"$3,051.71",4679,$0.00,7730.79,4.28,Very Low,3.97,3,0.01,0.31,"$149,434,541.66",1200,14070115705,Relatively Low,"$1,079.87",397,1477.65,53.91,Relatively Low,Insufficient Data
"Lares, Puerto Rico",28105,62.26,79.42,Relatively Low,35.9,17528427.54,"$14,164,321.87",2906796,94.96,81.71,Very High,0.28,0,$0.00,0,0,0,No Rating,$0.00,0,0,No Expected Annual Losses,0,22,62.26,"$2,852,261,991.14",28104,Very High,"$11,782,664.28",541855,"$456,830.26",12781350.23,87.42,Relatively Moderate,96.54,2,0.03,"$15,237,654.51",92,1077035822,"$58,741.23",1092332218,Relatively Moderate,"$25,024.07",1491,$145.47,26660.77,12.75,Very Low,19.16,1,62.26,"$2,852,263,306.00",28105,"$38,296,595.00",3.28909E+11,Relatively Moderate,"$5,164.67",7527,$18.40,12710.39,5.83,Very Low,4.99,,,,,,,Not Applicable,,,,,Not Applicable,Not Applicable
"Las Marías, Puerto Rico",8832,46.97,48.68,Very Low,3.85,5211125.37,"$4,265,834.59",945290,95.48,72.83,Relatively High,0.04,0,$0.00,0,0,0,No Rating,$0.00,0,0,No Expected Annual Losses,0,20,46.97,"$832,493,397.50",8831,Very High,"$3,546,639.55",175634,$0.00,3722274.08,78.34,Relatively Low,96.93,0,0.07,"$4,211,407.63",24,289153622,$0.00,293365030.1,Relatively Moderate,"$2,379.31",48,$0.00,2427.36,5.01,Very Low,9.56,0,46.97,"$832,741,244.00",8832,$0.00,1.03284E+11,Relatively Moderate,"$1,153.97",1805,$0.00,2959.91,2.2,Very Low,4.03,,,,,,,Not Applicable,,,,,Not Applicable,Not Applicable
"Las Piedras, Puerto Rico",35117,34.23,87.62,Relatively Moderate,67.95,31296732.79,"$28,386,506.21",2910226,97.96,78.2,Relatively High,0.18,0,$0.00,0,0,0,No Rating,$0.00,0,0,No Expected Annual Losses,0,24,34.23,"$4,851,970,938.38",35107,Very High,"$25,388,358.48",857369,$0.00,26245727.78,93.47,Relatively Moderate,99.05,5,0.1,"$69,271,284.68",563,6541855342,$0.00,6611126628,Relatively Low,"$19,471.56",47023,$0.00,66495.23,20.86,Very Low,15.78,0,34.23,"$4,852,675,324.00",35117,$0.00,4.1221E+11,Relatively High,"$3,514.75",3762,$0.00,7276.96,4.09,Very Low,1.99,,,,,,,Not Applicable,,,,,Not Applicable,Not Applicable
"Loíza, Puerto Rico",23684,66.26,82.64,Relatively Low,46.15,21435236.01,"$19,230,659.25",2204576,98.89,96.12,Very High,0.91,2.2,"$1,720,748,501.11",16061,1.86317E+11,1.88038E+11,Relatively Moderate,"$2,262,146.37",2266712.75,85.64,Relatively Moderate,97.44,21,20.71,"$2,544,058,791.06",23683,Very High,"$13,312,008.13",578380,$0.00,13890388.98,88.41,Relatively Moderate,99.22,1,1.3,"$950,409,308.38",8538,99041959360,$0.00,99992368669,Relatively Moderate,"$1,885,957.19",68565,$0.00,1954522.77,83.6,Relatively Moderate,96.75,0,66.26,"$2,544,094,673.00",23684,$0.00,2.77278E+11,Relatively High,"$1,852.33",2550,$0.00,4403.26,2.82,Very Low,2.61,1,0,2.45,"$1,883,316,361.03",18118,2.12059E+11,Very Low,$651.42,341,992.9,50.78,Relatively Low,Insufficient Data
"Luquillo, Puerto Rico",17724,47,77.96,Relatively Low,30.77,16274406.01,"$14,654,383.62",1620022,98.58,94.6,Very High,0.85,0.3,"$378,664,512.46",1640,19029203440,19407867953,Relatively Moderate,"$411,546.59",411998.42,65.47,Relatively Low,85.64,27,26.11,"$2,405,580,047.58",17723,Very High,"$12,587,406.10",432833,$0.00,13020239.45,87.81,Relatively Moderate,99.31,1,0.39,"$218,973,911.21",1464,16992845533,$0.00,17211819445,Relatively Low,"$37,697.43",11763,$0.00,49461.38,17.98,Very Low,24.05,0,47,"$2,405,592,457.00",17724,$0.00,2.08004E+11,Relatively High,"$1,743.40",1899,$0.00,3643.37,2.48,Very Low,2.26,0,0,0.59,"$773,124,635.10",4194,49433698985,No Rating,$0.00,0,0,0,No Expected Annual Losses,Insufficient Data
"Manatí, Puerto Rico",39466,71.4,88.64,Relatively Moderate,75.64,34234733.75,"$30,610,836.50",3623897,96.16,94.16,Very High,0.82,0.02,"$8,644,145.95",48,565824747,574468893.3,Relatively Moderate,"$14,581.31",14604.52,34.87,Very Low,42.22,21,46.52,"$6,290,323,872.83",39461,Very High,"$25,985,263.02",760807,$0.00,26746070.27,93.64,Relatively Moderate,95.85,6,1.85,"$96,683,604.92",424,4926694562,$0.00,5023378168,Relatively Low,"$46,567.28",20464,$0.00,67031.44,20.95,Very Low,15.23,1,71.4,"$6,290,789,227.00",39466,$0.00,4.64096E+11,Relatively High,"$11,412.07",10592,$0.00,22004.86,8.22,Very Low,6.27,0,0,0.03,"$13,249,349.82",130,1523839048,No Rating,$0.00,0,0,0,No Expected Annual Losses,Insufficient Data
"Maricao, Puerto Rico",4733,37,33.7,Very Low,2.56,3512636.08,"$3,013,910.19",498725,96.53,72.98,Relatively High,0.05,0,$0.00,0,0,0,No Rating,$0.00,0,0,No Expected Annual Losses,0,22,37,"$594,982,970.60",4732,Very High,"$2,521,309.33",93381,$0.00,2614690.65,74.75,Relatively Low,96.84,0,0.02,"$25,704,712.32",98,1146532903,$0.00,1172237616,Relatively Moderate,"$3,010.76",190,$0.00,3201.25,5.51,Very Low,14.11,0,37,"$594,985,401.00",4733,$0.00,55497785401,Relatively High,$868.81,1045,$0.00,1914.5,1.8,Very Low,4.37,,,,,,,Not Applicable,,,,,Not Applicable,Not Applicable
"Maunabo, Puerto Rico",10555,38.75,58.43,Relatively Low,5.13,7174216.77,"$6,315,402.13",858814,96.07,88.98,Very High,0.62,0.01,"$5,913,810.13",48,559115972,565029782.4,Relatively Moderate,"$10,114.83",10134.68,32.65,Very Low,53.16,21,21.4,"$1,129,037,805.77",10552,Very High,"$5,596,937.93",244132,$0.00,5841070.92,82.14,Relatively Low,98.49,1,1.23,"$66,953,604.99",691,8020000504,$0.00,8086954109,Relatively Low,"$15,680.53",5552,$0.00,21232.68,11.45,Very Low,21.23,0,38.75,"$1,129,296,771.00",10555,$0.00,1.23567E+11,Relatively High,$818.00,1130,$0.00,1948.88,1.83,Very Low,2.11,0,0,0.06,"$31,422,898.51",215,2533688425,No Rating,$0.00,0,0,0,No Expected Annual Losses,Insufficient Data
"Mayagüez, Puerto Rico",73073,276.85,94.58,Relatively Moderate,91.03,79510950.22,"$67,733,878.92",11095064,99.13,96.83,Very High,0.97,1.33,"$1,938,131,210.22",8793,1.02006E+11,1.03945E+11,Relatively Moderate,"$2,674,405.14",2677195.71,87.01,Relatively Moderate,88.72,35,78.52,"$12,558,133,611.68",73064,Very High,"$53,606,768.44",1455619,"$543,781.92",55606169.44,96.28,Relatively High,97.06,18,2.01,"$2,895,427,816.58",15195,1.76265E+11,"$25,826,261.33",1.79187E+11,Very Low,"$155,379.45",2196475,"$137,888.17",2489743.51,86.66,Relatively Moderate,86.29,2,276.85,"$12,559,189,521.00",73073,"$44,115,339.00",8.6025E+11,Relatively Moderate,"$17,056.68",14678,$22.27,31757.31,9.4,Very Low,3.88,5,0.01,1.7,"$2,478,636,626.51",13134,1.54837E+11,Relatively Low,"$11,624.08",3441,15065.35,75.78,Relatively Low,Insufficient Data
"Moca, Puerto Rico",37426,50.87,85.42,Relatively Moderate,55.13,25648012.57,"$21,140,055.84",4507956,97.37,83.01,Very High,0.31,0,$0.00,0,0,0,No Rating,$0.00,0,0,No Expected Annual Losses,0,20,50.87,"$4,052,075,716.00",37425,Very High,"$17,297,051.56",745613,$0.00,18042665.32,90.23,Relatively Moderate,97.1,2,0.19,"$26,979,205.96",282,3280567159,$0.00,3307546365,Very Low,"$7,503.57",4542,$0.00,12045.77,8.82,Very Low,6.04,1,50.87,"$4,052,078,229.00",37426,$0.00,4.38194E+11,Relatively Moderate,"$5,503.70",7518,$0.00,13022.46,5.89,Very Low,3.82,,,,,,,Not Applicable,,,,,Not Applicable,Not Applicable
"Morovis, Puerto Rico",28710,39.32,79.51,Relatively Low,37.18,17560723.94,"$15,001,262.75",2559461,94.46,89.07,Very High,0.63,0,$0.00,0,0,0,No Rating,$0.00,0,0,No Expected Annual Losses,0,20,39.32,"$3,097,842,113.72",28709,Very High,"$12,797,153.14",553515,$0.00,13350668.33,87.98,Relatively Moderate,96.15,0,0.13,"$7,756,969.64",106,1233847865,$0.00,1241604835,Relatively Low,"$1,430.74",387,$0.00,1818.17,4.58,Very Low,3.16,0,39.32,"$3,097,903,251.00",28710,$0.00,3.36134E+11,Relatively High,"$5,609.51",7689,$0.00,13299.11,5.96,Very Low,5.24,,,,,,,Not Applicable,,,,,Not Applicable,Not Applicable
"Naguabo, Puerto Rico",23283,72.99,81.4,Relatively Low,41.03,20058251.34,"$17,637,397.91",2420853,98.51,87.24,Very High,0.5,0.15,"$119,869,459.00",976,11326713939,11446583398,Relatively Moderate,"$144,170.39",144390.11,54.19,Relatively Low,70.09,23,52.29,"$2,952,942,762.95",23282,Very High,"$15,451,528.95",568585,$0.00,16020114.49,89.41,Relatively Moderate,99.14,13,1.34,"$350,031,547.53",2397,27812448323,$0.00,28162479871,Very Low,"$122,382.98",413978,$0.00,536361.39,56.36,Relatively Low,77.1,0,72.99,"$2,953,016,545.00",23283,$0.00,2.73036E+11,Relatively Moderate,"$2,139.20",2494,$0.00,4633.85,2.92,Very Low,2.17,1,0,0.11,"$79,498,285.69",407,4811903806,No Rating,$0.00,0,0,0,No Expected Annual Losses,Insufficient Data
"Naranjito, Puerto Rico",29241,28.03,79.11,Relatively Low,33.33,17234855.94,"$14,127,561.82",2448269,93.1,83.7,Very High,0.36,0,$0.00,0,0,0,No Rating,$0.00,0,0,No Expected Annual Losses,0,20,28.03,"$2,934,361,346.59",29240,Very High,"$12,121,815.85",563749,"$605,285.54",13290850.74,87.89,Relatively Moderate,96.2,0,0.05,"$44,053,480.42",378,4393934527,"$83,285.43",4438071293,Very Low,"$1,418.51",434,$19.83,1872.85,4.67,Very Low,3.28,0,28.03,"$2,934,398,796.00",29241,"$50,741,768.00",3.42181E+11,Relatively High,"$5,314.10",7833,$25.22,13172.38,5.92,Very Low,5.83,,,,,,,Not Applicable,,,,,Not Applicable,Not Applicable
"Orocovis, Puerto Rico",21412,64.42,71.12,Relatively Low,12.82,11759524.69,"$9,909,154.37",1850370,93.25,85.12,Very High,0.4,0,$0.00,0,0,0,No Rating,$0.00,0,0,No Expected Annual Losses,0,23,64.42,"$2,051,260,941.00",21412,Very High,"$8,473,737.44",412816,$0.00,8886554.37,85,Relatively Moderate,96.58,1,0.03,"$42,926,404.82",173,2018298210,$0.00,2061224615,Relatively Low,"$5,911.43",1760,$0.00,7671.63,7.3,Very Low,7.89,0,64.42,"$2,051,260,941.00",21412,$0.00,2.5043E+11,Relatively Moderate,"$3,714.15",5734,$0.00,9448.83,4.9,Very Low,4.87,,,,,,,Not Applicable,,,,,Not Applicable,Not Applicable
"Patillas, Puerto Rico",15929,75.96,72.45,Relatively Low,17.95,12473749.19,"$11,190,882.81",1282866,96.97,83.63,Very High,0.35,0.16,"$90,074,551.90",489,5683448697,5773523249,Relatively Moderate,"$202,510.07",202742.96,57.61,Relatively Low,79.32,22,47.6,"$2,009,472,491.43",15928,Very High,"$9,751,810.19",360343,$0.00,10112153.88,86.21,Relatively Moderate,98.4,4,1.1,"$271,619,643.64",1640,19033445238,$0.00,19305064883,Very Low,"$70,778.65",52706,$0.00,123485.17,29.12,Very Low,43.14,0,75.96,"$2,009,533,890.00",15929,$0.00,1.86786E+11,Relatively Moderate,"$2,052.88",2421,$0.00,4473.9,2.85,Very Low,3.07,0,0,0.22,"$133,250,972.69",705,8318827527,No Rating,$0.00,0,0,0,No Expected Annual Losses,Insufficient Data
"Peñuelas, Puerto Rico",20320,68.55,77.53,Relatively Low,28.21,15777015.86,"$13,718,902.00",2058113,97.55,75.43,Relatively High,0.1,0.27,"$199,637,096.10",46,534036186,733673282.2,Very High,"$582,528.21",582582.02,69.23,Relatively Low,89.06,26,45.06,"$2,518,438,537.26",20319,Very High,"$11,265,289.96",413824,$0.00,11679114.18,86.81,Relatively Moderate,97.62,0,0.49,"$349,958,884.45",1121,13009296255,$0.00,13359255140,Relatively Low,"$22,668.22",2161,$0.00,24829.71,12.32,Very Low,18.94,0,68.55,"$2,518,446,095.00",20320,$0.00,2.3823E+11,Relatively High,"$4,580.03",5442,$0.00,10022.44,5.24,Very Low,5.74,1,0,0.19,"$147,014,055.54",36,570540397.5,Very High,$505.62,6,511.65,47.66,Very Low,Insufficient Data
"Ponce, Puerto Rico",137316,195.56,97.43,Relatively High,96.15,162224444.4,"$147,000,760.40",13386121,99.35,98.51,Very High,1,1.22,"$1,359,506,717.89",6876,79770827763,81130334481,Relatively Moderate,"$2,960,370.21",2963503.73,88.55,Relatively Moderate,82.74,28,118.11,"$21,021,933,181.72",137292,Very High,"$97,825,837.03",2970441,"$1,742,077.59",102538355.9,97.88,Relatively High,97.88,15,4.2,"$6,948,267,006.00",29724,3.44806E+11,"$32,713,389.89",3.51787E+11,Relatively Low,"$32,515,150.23",1256580,"$94,348.79",33866079.19,99.35,Relatively High,99.16,0,195.56,"$21,025,777,196.00",137316,"$134,385,586.00",1.61403E+12,Relatively Moderate,"$38,148.11",36796,$64.54,75009.55,14.3,Very Low,6.11,1,0,1.33,"$1,511,930,920.16",10102,1.18706E+11,Relatively High,"$1,304.25",186,1490.76,54.69,Relatively Low,Insufficient Data
"Quebradillas, Puerto Rico",23529,34.7,78.98,Relatively Low,32.05,17034123.94,"$14,244,731.22",2789392,97.31,74.13,Relatively High,0.09,0,"$39,817.23",0,3094309,3134126.32,Relatively Moderate,$48.33,48.4,21.88,Very Low,21.54,19,23.37,"$2,776,580,368.28",23528,Very High,"$11,690,052.69",461752,$0.00,12151804.77,87.16,Relatively Moderate,96.76,0,0.03,"$315,902.42",2,27929055,$0.00,28244957.43,Relatively Moderate,$208.82,4,$0.00,213.46,3.5,Very Low,2.54,0,34.7,"$2,776,586,863.00",23529,$0.00,2.75713E+11,Relatively High,"$4,304.30",5455,$0.00,9760.08,5.09,Very Low,4.5,0,0,0,"$1,688,485.44",9,116590836.8,No Rating,$0.00,0,0,0,No Expected Annual Losses,Insufficient Data
"Rincón, Puerto Rico",15187,54.96,73.79,Relatively Low,20.51,13131474.31,"$11,113,097.40",2018376,98.64,89.57,Very High,0.65,0.05,"$29,331,157.48",153,1782495276,1811826434,Relatively High,"$121,428.94",121559.02,52.31,Relatively Low,72.99,22,14.43,"$2,056,385,063.70",15186,Very High,"$8,778,068.57",302560,$0.00,9080629.37,85.13,Relatively Moderate,97.23,0,0.04,"$21,217,526.66",138,1608013292,$0.00,1629230819,Relatively Moderate,"$7,102.64",267,$0.00,7369.81,7.06,Very Low,10.93,0,54.96,"$2,056,385,129.00",15187,$0.00,1.78226E+11,Relatively High,"$2,792.59",3050,$0.00,5843.23,3.57,Very Low,3.78,1,0,0.69,"$513,187,287.09",2951,34746965356,Relatively Low,$285.99,52,338.48,43.75,Very Low,Insufficient Data
"Río Grande, Puerto Rico",47060,90.44,90.47,Relatively Moderate,83.33,41299889.94,"$37,123,477.27",4176412,98.27,95.34,Very High,0.87,0.59,"$523,555,809.50",1533,17787182608,18310738418,Relatively High,"$971,380.30",971906.13,74.53,Relatively Moderate,84.96,25,61.44,"$6,097,606,644.00",47059,Very High,"$31,906,255.28",1149239,$0.00,33055494.5,94.77,Relatively Moderate,99.27,4,0.57,"$519,793,930.45",1847,21432953662,$0.00,21952747593,Relatively Low,"$209,198.79",59351,$0.00,268549.91,42.12,Relatively Low,40.11,0,90.44,"$6,097,657,593.00",47060,$0.00,5.51994E+11,Relatively Moderate,"$4,430.06",5043,$0.00,9473.1,4.93,Very Low,2.33,0,0,0.58,"$587,889,484.31",1254,15141564492,No Rating,$0.00,0,0,0,No Expected Annual Losses,Insufficient Data
"Sabana Grande, Puerto Rico",22701,36.69,76.35,Relatively Low,24.36,15051610.21,"$12,368,852.48",2682757,97.12,91.37,Very High,0.72,0,$0.00,0,0,0,No Rating,$0.00,0,0,No Expected Annual Losses,0,25,36.69,"$2,302,868,585.44",22681,Very High,"$10,366,288.35",479925,$0.00,10846213.86,86.42,Relatively Moderate,97.67,1,0.16,"$144,073,496.50",908,10542777471,$0.00,10686850968,Very Low,"$12,385.40",7298,$0.00,19684.04,11.14,Very Low,11.36,0,36.69,"$2,304,509,462.00",22701,$0.00,2.65636E+11,Relatively High,"$3,250.86",4770,$0.00,8021.44,4.5,Very Low,4.16,,,,,,,Not Applicable,,,,,Not Applicable,Not Applicable
"Salinas, Puerto Rico",25742,115.27,86.29,Relatively Moderate,58.97,27827148.58,"$25,904,171.60",1922976,98.92,91.02,Very High,0.71,1.54,"$932,551,482.12",5870,68097695786,69030247269,Relatively High,"$5,385,390.71",5392531.23,93.5,Relatively Moderate,98.63,24,71.18,"$3,834,473,310.85",25733,Very High,"$18,346,488.35",572192,$0.00,18918680.93,90.75,Relatively Moderate,98.1,3,2.33,"$1,668,379,609.57",12719,1.47551E+11,$0.00,1.4922E+11,Very Low,"$57,749.50",10764,$0.00,68514.37,21.11,Very Low,24.67,0,115.27,"$3,835,226,241.00",25742,$0.00,3.02442E+11,Relatively Moderate,"$4,671.84",4677,$0.00,9349.31,4.84,Very Low,3.5,1,0,0.94,"$617,899,250.18",3007,35507216448,Relatively Low,"$1,826.93",375,2202.08,58.59,Relatively Low,Insufficient Data
"San Germán, Puerto Rico",31837,55.06,85.27,Relatively Moderate,52.56,25464340.47,"$21,105,735.72",3816707,97.52,83.39,Very High,0.32,0,$0.00,0,0,0,No Rating,$0.00,0,0,No Expected Annual Losses,0,26,55.06,"$4,098,927,290.69",31836,Very High,"$17,504,737.42",634653,"$539,720.06",18679111.01,90.53,Relatively Moderate,97.28,1,1.89,"$263,155,933.89",1515,17585313245,"$27,481,006.31",17875950185,Very Low,"$3,654.53",12174,"$1,849.78",17678.42,10.77,Very Low,6.93,0,55.06,"$4,098,938,665.00",31837,"$43,722,185.00",3.73452E+11,Relatively Moderate,"$5,566.40",6395,$15.74,11977.29,5.71,Very Low,3.75,,,,,,,Not Applicable,,,,,Not Applicable,Not Applicable
"San Juan, Puerto Rico",341981,77.73,99.32,Relatively High,100,388039146,"$337,699,041.73",50340104,98.79,96.43,Very High,0.96,3.29,"$8,578,731,288.99",38471,4.46268E+11,4.54846E+11,Relatively Moderate,"$18,196,385.84",18224544.57,97.95,Relatively High,90.26,21,49.86,"$66,181,160,227.37",341963,Very High,"$273,878,694.80",6613402,$0.00,280492097.4,99.57,Very High,96.67,46,3.75,"$8,727,239,238.47",45261,5.25029E+11,$0.00,5.33756E+11,Very Low,"$283,775.29",16719676,$0.00,17003451.63,98.45,Relatively High,94.61,2,77.73,"$66,183,279,195.00",341981,$0.00,4.03316E+12,Relatively High,"$119,357.41",90951,$0.00,210309.11,23.26,Very Low,4.71,6,0,2.41,"$7,471,014,722.38",32829,3.88292E+11,Relatively Moderate,"$11,376.35",1147,12524.09,75,Relatively Low,Insufficient Data
"San Lorenzo, Puerto Rico",37680,53.74,85.3,Relatively Moderate,53.85,25469453.44,"$22,266,612.17",3202841,96.26,75.81,Relatively High,0.12,0,$0.00,0,0,0,No Rating,$0.00,0,0,No Expected Annual Losses,0,22,53.74,"$3,879,126,130.87",37679,Very High,"$19,826,100.07",898089,$0.00,20724189.45,91.48,Relatively Moderate,98.79,3,0.16,"$153,365,808.66",949,11017969021,$0.00,11171334831,Very Low,"$11,604.49",37470,$0.00,49075.13,17.89,Very Low,12.94,0,53.74,"$3,879,183,408.00",37680,$0.00,4.40967E+11,Relatively Moderate,"$3,276.51",4729,$0.00,8005.56,4.47,Very Low,2.7,,,,,,,Not Applicable,,,,,Not Applicable,Not Applicable
"San Sebastián, Puerto Rico",39316,71.94,86.72,Relatively Moderate,64.1,28899420.65,"$24,593,423.23",4305997,97.03,82.89,Very High,0.29,0,$0.00,0,0,0,No Rating,$0.00,0,0,No Expected Annual Losses,0,22,71.94,"$4,798,100,121.38",39315,Very High,"$20,417,980.26",780900,$0.00,21198880.8,91.7,Relatively Moderate,96.89,5,0.17,"$156,739,425.82",959,11127216748,$0.00,11283956174,Relatively Low,"$57,492.18",66866,$0.00,124358.53,29.22,Very Low,22.75,0,71.94,"$4,798,119,234.00",39316,$0.00,4.60864E+11,Relatively Moderate,"$6,725.18",8144,$0.00,14869.25,6.39,Very Low,4.06,,,,,,,Not Applicable,,,,,Not Applicable,Not Applicable
"Santa Isabel, Puerto Rico",20269,77.72,77.28,Relatively Low,26.92,15651686.31,"$14,051,017.16",1600669,97.15,77.3,Relatively High,0.13,0.48,"$284,457,050.36",2599,30149427066,30433884116,Relatively Moderate,"$800,481.86",802238.67,72.82,Relatively Low,91.97,24,34.51,"$2,418,790,679.82",20267,Very High,"$11,657,332.00",455884,$0.00,12113216.89,87.12,Relatively Moderate,98.36,1,2.24,"$280,506,240.60",2531,29360986627,$0.00,29641492869,Relatively Low,"$179,921.85",20326,$0.00,200248.11,36.3,Relatively Low,60.45,0,77.72,"$2,418,924,967.00",20269,$0.00,2.37539E+11,Relatively High,"$2,849.47",3531,$0.00,6380.69,3.78,Very Low,3.38,1,0,0.7,"$426,682,809.78",3722,43610733186,Relatively Low,$852.53,338,1191.27,52.34,Relatively Low,Insufficient Data
"Toa Alta, Puerto Rico",66827,27.84,89.88,Relatively Moderate,79.49,38152163.9,"$32,286,635.26",5865528,93.56,58.57,Relatively Moderate,0.01,0,$0.00,0,0,0,No Rating,$0.00,0,0,No Expected Annual Losses,0,21,27.84,"$6,690,084,108.14",66808,Very High,"$27,636,667.07",1288051,$0.00,28924718.89,93.95,Relatively Moderate,95.46,1,0.75,"$118,467,884.78",1563,18136841356,$0.00,18255309242,Very Low,"$3,273.26",12555,$0.00,15829.18,10.06,Very Low,4.24,0,27.84,"$6,691,613,078.00",66827,$0.00,7.81885E+11,Relatively High,"$12,117.81",17899,$0.00,30017.71,9.09,Very Low,5.61,,,,,,,Not Applicable,,,,,Not Applicable,Not Applicable
"Toa Baja, Puerto Rico",75182,42.23,91.98,Relatively Moderate,87.18,50493189.55,"$43,842,777.41",6650412,95.79,87.76,Very High,0.56,1.34,"$1,573,593,203.08",13579,1.5752E+11,1.59094E+11,Relatively Low,"$1,289,167.86",1291254.16,78.8,Relatively Moderate,84.44,20,23.76,"$8,308,804,725.92",75172,Very High,"$34,323,584.92",1449298,$0.00,35772883.46,95.03,Relatively Moderate,95.68,1,1.88,"$1,623,205,845.00",15510,1.79927E+11,$0.00,1.8155E+11,Relatively Moderate,"$2,509,442.15",160649,$0.00,2670091.3,87.65,Relatively Moderate,88.86,0,42.23,"$8,309,650,490.00",75182,$0.00,8.80421E+11,Relatively High,"$15,046.73",20135,$0.00,35182.72,9.74,Very Low,5.09,3,0,3.1,"$3,659,613,070.32",35198,4.11967E+11,Relatively Low,"$7,476.83",2922,10399.22,72.66,Relatively Low,Insufficient Data
"Trujillo Alto, Puerto Rico",67706,21.6,91.3,Relatively Moderate,85.9,45543343.58,"$40,030,463.59",5512879,95.02,87.67,Very High,0.54,0,$0.00,0,0,0,No Rating,$0.00,0,0,No Expected Annual Losses,0,20,21.6,"$7,888,401,648.00",67695,Very High,"$34,981,419.68",1419291,$0.00,36400711.36,95.11,Relatively Moderate,97.49,3,0.21,"$256,284,151.74",1822,21141984725,$0.00,21398268878,Very Low,"$9,796.24",43909,$0.00,53705.28,18.54,Very Low,8.73,0,21.6,"$7,889,572,015.00",67706,$0.00,7.93279E+11,Relatively High,"$11,924.00",14565,$0.00,26489.98,8.72,Very Low,4.4,,,,,,,Not Applicable,,,,,Not Applicable,Not Applicable
"Utuado, Puerto Rico",28272,116.23,82.11,Relatively Low,44.87,20983885.3,"$18,049,420.52",2738156,96.6,84.44,Very High,0.38,0,$0.00,0,0,0,No Rating,$0.00,0,0,No Expected Annual Losses,0,21,116.23,"$3,345,401,460.00",28264,Very High,"$13,819,818.24",544932,"$195,423.43",14560174.43,88.76,Relatively Moderate,95.24,3,0.43,"$350,403,489.29",2281,26462830891,"$185,094.91",26813419476,Relatively Moderate,"$1,660,725.95",93983,$738.26,1755447.3,81.31,Relatively Moderate,94.24,0,116.23,"$3,346,950,989.00",28272,"$16,382,566.00",3.31319E+11,Relatively Low,"$6,060.35",7572,$11.89,13644.4,6.05,Very Low,5.12,,,,,,,Not Applicable,,,,,Not Applicable,Not Applicable
"Vega Alta, Puerto Rico",35369,37.88,86.6,Relatively Moderate,62.82,28547924.07,"$25,069,142.27",3478781,98.17,95.4,Very High,0.88,0.02,"$21,067,489.84",79,917089115,938156605.8,Relatively High,"$80,136.24",80205.34,48.38,Relatively Low,60.51,21,28.07,"$4,141,228,628.52",35352,Very High,"$17,107,371.90",681590,$0.00,17788962.01,89.97,Relatively Moderate,94.94,18,0.26,"$168,444,575.57",1748,20277317352,$0.00,20445761928,Relatively Moderate,"$4,921,646.29",323048,$0.00,5244694.4,93.78,Relatively Moderate,98.45,0,37.88,"$4,144,016,451.00",35369,$0.00,4.14424E+11,Relatively High,"$7,504.01",9473,$0.00,16977.56,6.92,Very Low,5.49,0,0,0.45,"$513,082,550.54",2071,24540275729,No Rating,$0.00,0,0,0,No Expected Annual Losses,Insufficient Data
"Vega Baja, Puerto Rico",54334,68.86,89.04,Relatively Moderate,76.92,35478041.54,"$30,161,193.21",5316848,95.3,90.87,Very High,0.69,0.51,"$361,225,516.36",2795,32429725396,32790950913,Relatively Moderate,"$495,768.58",496685.03,67.69,Relatively Low,76.58,21,47.12,"$6,060,734,288.00",54328,Very High,"$25,036,829.59",1047432,$0.00,26084262.38,93.43,Relatively Moderate,95.76,4,1.04,"$775,012,977.61",4972,57682615480,$0.00,58457628458,Very Low,"$49,794.92",159731,$0.00,209526.9,37.17,Relatively Low,28.35,0,68.86,"$6,061,225,665.00",54334,$0.00,6.36336E+11,Relatively Moderate,"$10,977.31",14554,$0.00,25531.9,8.59,Very Low,5.8,0,0,0.94,"$650,234,909.86",6441,75374114295,No Rating,$0.00,0,0,0,No Expected Annual Losses,Insufficient Data
"Vieques, Puerto Rico",8188,266.66,76.51,Relatively Low,25.64,15152383.02,"$13,414,232.21",1738150,100,83.73,Very High,0.37,0.08,"$34,436,767.25",187,2170551300,2204988068,Relatively Moderate,"$75,841.51",75926.99,48.03,Relatively Low,74.87,32,52.3,"$1,118,083,903.05",8186,Very High,"$12,558,987.90",431216,$0.00,12990204.46,87.68,Relatively Moderate,100,0,0.08,"$32,294,265.67",178,2071806898,$0.00,2104101164,Relatively Moderate,"$9,004.37",344,$0.00,9348.6,7.92,Very Low,18.79,0,266.66,"$1,118,155,976.00",8188,$0.00,96098955976,Relatively Moderate,"$1,612.75",1754,$0.00,3366.77,2.33,Very Low,4.19,3,0.01,0.11,"$58,749,582.71",238,2823099050,Relatively Low,$404.11,78,482.85,46.88,Very Low,Insufficient Data
"Villalba, Puerto Rico",22060,37.41,72.39,Relatively Low,16.67,12419573.36,"$10,535,354.21",1884219,93.22,94.53,Very High,0.83,0,$0.00,0,0,0,No Rating,$0.00,0,0,No Expected Annual Losses,0,21,37.41,"$2,192,293,557.78",22049,Very High,"$9,056,341.44",425101,$0.00,9481443.22,85.52,Relatively Moderate,95.2,0,0.05,"$46,823,146.32",250,2903943504,$0.00,2950766651,Relatively Low,"$1,417.97",430,$0.00,1848.52,4.61,Very Low,3.96,0,37.41,"$2,193,085,664.00",22060,$0.00,2.58089E+11,Relatively High,"$3,975.17",5918,$0.00,9893.85,5.12,Very Low,6.14,1,0,0,$0.00,0,0,No Rating,$0.00,0,0,0,No Expected Annual Losses,Insufficient Data
"Yabucoa, Puerto Rico",30397,84.08,83.01,Relatively Low,47.44,21818503.93,"$19,291,890.39",2526613,96.69,77.98,Relatively High,0.17,0.2,"$137,418,615.23",266,3094244875,3231663491,Relatively Low,"$29,079.41",29160.68,41.71,Very Low,52.99,22,55.81,"$3,344,912,759.59",30394,Very High,"$17,077,478.46",726138,$0.00,17803616.9,90.01,Relatively Moderate,98.7,6,7.36,"$287,574,243.83",1805,20938373254,$0.00,21225947499,Very Low,"$137,112.97",86972,$0.00,224085.3,38.69,Relatively Low,44.04,0,84.08,"$3,345,120,365.00",30397,$0.00,3.5595E+11,Relatively Moderate,"$2,433.18",3270,$0.00,5703.89,3.38,Very Low,2.54,1,0,0.16,"$109,692,370.11",250,3015139457,No Rating,$0.00,0,0,0,No Expected Annual Losses,Insufficient Data
"Yauco, Puerto Rico",34151,69.03,81.74,Relatively Low,42.31,20550145.44,"$16,631,033.11",3919112,96.75,85.96,Very High,0.42,0,"$509,117.99",4,46444064,46953182.24,Very High,$615.46,616.56,25.13,Very Low,26.67,27,68.93,"$3,045,157,185.00",34146,Very High,"$13,984,129.11",728427,$0.00,14712556.87,88.85,Relatively Moderate,97.71,1,1.19,"$212,975,213.20",1200,13926080027,$0.00,14139055241,Relatively Low,"$48,362.72",20973,$0.00,69336.32,21.26,Very Low,22.25,0,69.03,"$3,045,487,543.00",34151,$0.00,3.99197E+11,Relatively Moderate,"$5,514.40",9146,$0.00,14661.01,6.3,Very Low,4.9,0,0,0,"$337,012.75",2,31080852.02,No Rating,$0.00,0,0,0,No Expected Annual Losses,Insufficient Data
